# OpenTelemetry Metrics report: .csv, 4 fields: 
# <metric name>, <period start, nanoseconds>, <period end, nanoseconds>, <metric value>
# See CsvMetricsExporter for details.
# 
# NAME, PERIOD_START_NANOS, PERIOD_END_NANOS, VALUE
NonBlockingReadAction.failedExecutionsCount,1776231986115000000,1776232038701000000,0
NonBlockingReadAction.finalizedExecutionsCount,1776231986115000000,1776232038701000000,23
NonBlockingReadAction.finalizedExecutionTimeUs,1776231986115000000,1776232038701000000,101566
AWTEventQueue.dispatchTimeTotalNS,1776231986115000000,1776232038701000000,6843087738
NonBlockingReadAction.failedExecutionTimeUs,1776231986115000000,1776232038701000000,0
JVM.usedNativeBytes,1776231986115000000,1776232038701000000,389191352
JVM.maxThreadCount,1776231986115000000,1776232038701000000,128
JVM.totalTimeAtSafepointsMs,1776231986115000000,1776232038701000000,358
JVM.totalBytesAllocated,1776231986115000000,1776232038701000000,5095595864
JVM.GC.collections,1776231986115000000,1776232038701000000,62
MEM.ramBytes,1776231986115000000,1776232038701000000,1326546944
JVM.totalCpuTimeMs,1776231986115000000,1776232038701000000,62587
JVM.committedHeapBytes,1776231986115000000,1776232038701000000,619708416
OS.loadAverage,1776231986115000000,1776232038701000000,5.32470703125
JVM.threadCount,1776231986115000000,1776232038701000000,117
JVM.totalDirectByteBuffersBytes,1776231986115000000,1776232038701000000,46467080
JVM.maxHeapBytes,1776231986115000000,1776232038701000000,2147483648
MEM.fileMappingsRamBytes,1776231986115000000,1776232038701000000,427442176
JVM.totalTimeToSafepointsMs,1776231986115000000,1776232038701000000,55
JVM.GC.collectionTimesMs,1776231986115000000,1776232038701000000,354
MEM.ramMinusFileMappingsBytes,1776231986115000000,1776232038701000000,899088384
MEM.ramPlusSwapMinusFileMappingsBytes,1776231986115000000,1776232038701000000,2015876064
JVM.totalSafepointCount,1776231986115000000,1776232038701000000,132
JVM.newThreadsCount,1776231986115000000,1776232038701000000,163
JVM.usedHeapBytes,1776231986115000000,1776232038701000000,347033000
lexer.IgnoreLang.size.bytes,1776231986115000000,1776232038701000000,0
lexer.CSS.time.ns,1776231986115000000,1776232038701000000,4496125
parser.HTML.size.bytes,1776231986115000000,1776232038701000000,12111
DiskQueryRelay.taskWaitingTotalTimeUs,1776231986115000000,1776232038701000000,2207148
lexer.CSS.size.bytes,1776231986115000000,1776232038701000000,22587
parser.Flow.JS.time.ns,1776231986115000000,1776232038701000000,527325958
parser.CSS.size.bytes,1776231986115000000,1776232038701000000,22587
writeAction.wait.ms,1776231986115000000,1776232038701000000,287
parser.Makefile.size.bytes,1776231986115000000,1776232038701000000,879
parser.CSS.time.ns,1776231986115000000,1776232038701000000,31741335
lexer.Markdown.time.ns,1776231986115000000,1776232038701000000,146972888
parser.IgnoreLang.time.ns,1776231986115000000,1776232038701000000,993000
lexer.ECMAScript.6.size.bytes,1776231986115000000,1776232038701000000,168124
parser.ECMAScript.6.time.ns,1776231986115000000,1776232038701000000,147591409
lexer.HTML.size.bytes,1776231986115000000,1776232038701000000,12111
parser.JSON.time.ns,1776231986115000000,1776232038701000000,16
parser.Markdown.size.bytes,1776231986115000000,1776232038701000000,241229
parser.ECMAScript.6.size.bytes,1776231986115000000,1776232038701000000,493091
DiskQueryRelay.taskExecutionTotalTimeUs,1776231986115000000,1776232038701000000,2031411
parser.go.time.ns,1776231986115000000,1776232038701000000,874519411
parser.Flow.JS.size.bytes,1776231986115000000,1776232038701000000,18429
lexer.Markdown.size.bytes,1776231986115000000,1776232038701000000,241229
lexer.go.time.ns,1776231986115000000,1776232038701000000,349033125
parser.vgo.size.bytes,1776231986115000000,1776232038701000000,3090
writeAction.count,1776231986115000000,1776232038701000000,33
lexer.Makefile.time.ns,1776231986115000000,1776232038701000000,205291
lexer.HTML.time.ns,1776231986115000000,1776232038701000000,58602918
lexer.vgo.size.bytes,1776231986115000000,1776232038701000000,3090
DiskQueryRelay.tasksExecuted,1776231986115000000,1776232038701000000,10647
parser.go.size.bytes,1776231986115000000,1776232038701000000,4584252
lexer.Flow.JS.size.bytes,1776231986115000000,1776232038701000000,18429
parser.HTML.time.ns,1776231986115000000,1776232038701000000,17168710
lexer.go.size.bytes,1776231986115000000,1776232038701000000,4584252
lexer.ECMAScript.6.time.ns,1776231986115000000,1776232038701000000,64561542
writeAction.median.wait.ms,1776231986115000000,1776232038701000000,200
writeAction.max.wait.ms,1776231986115000000,1776232038701000000,177
parser.Makefile.time.ns,1776231986115000000,1776232038701000000,6794709
parser.vgo.time.ns,1776231986115000000,1776232038701000000,8360415
DiskQueryRelay.tasksRequested,1776231986115000000,1776232038701000000,10649
parser.JSON.size.bytes,1776231986115000000,1776232038701000000,503
LowMemory.gcLoad,1776231986115000000,1776232038701000000,0.0
lexer.Flow.JS.time.ns,1776231986115000000,1776232038701000000,7267125
LowMemory.gcOverloaded,1776231986115000000,1776232038701000000,0
parser.Markdown.time.ns,1776231986115000000,1776232038701000000,315700579
lexer.vgo.time.ns,1776231986115000000,1776232038701000000,35120626
lexer.JSON.size.bytes,1776231986115000000,1776232038701000000,503
parser.IgnoreLang.size.bytes,1776231986115000000,1776232038701000000,0
lexer.Makefile.size.bytes,1776231986115000000,1776232038701000000,879
lexer.IgnoreLang.time.ns,1776231986115000000,1776232038701000000,6250
lexer.JSON.time.ns,1776231986115000000,1776232038701000000,5017041
FilePageCache.totalPageDisposalsUs,1776231986115000000,1776232038701000000,6763
DirectByteBufferAllocator.disposed,1776231986115000000,1776232038701000000,560
DirectByteBufferAllocator.reclaimed,1776231986115000000,1776232038701000000,50
FilePageCache.disposedBuffers,1776231986115000000,1776232038701000000,610
DirectByteBufferAllocator.totalSizeOfBuffersCachedInBytes,1776231986115000000,1776232038701000000,41959424
FilePageCache.maxRegisteredFiles,1776231986115000000,1776232038701000000,1230
StorageLockContext.competingThreads.90P,1776231986115000000,1776232038701000000,0
FilePageCache.totalPageLoadsUs,1776231986115000000,1776232038701000000,1203959
FilePageCache.pageFastCacheHits,1776231986115000000,1776232038701000000,623442
DirectByteBufferAllocator.totalSizeOfBuffersAllocatedInBytes,1776231986115000000,1776232038701000000,41959424
FilePageCache.pageHits,1776231986115000000,1776232038701000000,0
StorageLockContext.competingThreads.avg,1776231986115000000,1776232038701000000,0.0
DirectByteBufferAllocator.hits,1776231986115000000,1776232038701000000,8
StorageLockContext.competingThreads.max,1776231986115000000,1776232038701000000,0
FilePageCache.capacityInBytes,1776231986115000000,1776232038701000000,629145600
FilePageCache.maxCacheSizeInBytes,1776231986115000000,1776232038701000000,629153792
FilePageCache.pageLoadsAboveSizeThreshold,1776231986115000000,1776232038701000000,3
FilePageCache.pageLoads,1776231986115000000,1776232038701000000,607
FilePageCache.uncachedFileAccess,1776231986115000000,1776232038701000000,835
FileChannelInterruptsRetryer.totalRetriedAttempts,1776231986115000000,1776232038701000000,0
DirectByteBufferAllocator.misses,1776231986115000000,1776232038701000000,602
workspaceModel.cachedValueWithParameters.total.get.count,1776231986115000000,1776232038701000000,0
workspaceModel.entityStorageSnapshotImpl.instances.count,1776231986115000000,1776232038701000000,32
workspaceModel.workspaceFileIndexData.getPackageName.ms,1776231986115000000,1776232038701000000,0
workspaceModel.workspaceFileIndexData.getFileInfo.ms,1776231986115000000,1776232038701000000,184
workspaceModel.updates.count,1776231986115000000,1776232038701000000,3
workspaceModel.updates.precise.ms,1776231986115000000,1776232038701000000,2
workspaceModel.init.bridges.ms,1776231986115000000,1776232038701000000,3
workspaceModel.workspaceFileIndexData.updateDirtyEntities.ms,1776231986115000000,1776232038701000000,0
workspaceModel.full.replace.project.model.ms,1776231986115000000,1776232038701000000,29
workspaceModel.workspaceFileIndexData.onEntitiesChanged.ms,1776231986115000000,1776232038701000000,5
workspaceModel.cachedValue.from.cache.count,1776231986115000000,1776232038701000000,143
workspaceModel.workspaceFileIndexContributor.registerFileSets.ms,1776231986115000000,1776232038701000000,3
workspaceModel.replace.project.model.ms,1776231986115000000,1776232038701000000,6
workspaceModel.cachedValue.total.get.count,1776231986115000000,1776232038701000000,163
workspaceModel.cachedValue.clear.count,1776231986115000000,1776232038701000000,2
workspaceModel.workspaceFileIndexData.visitFileSets.ms,1776231986115000000,1776232038701000000,40
workspaceModel.on.before.changed.ms,1776231986115000000,1776232038701000000,109
workspaceModel.workspaceFileIndexData.init.ms,1776231986115000000,1776232038701000000,1
workspaceModel.on.changed.ms,1776231986115000000,1776232038701000000,31
workspaceModel.check.recursive.update.ms,1776231986115000000,1776232038701000000,0
workspaceModel.workspaceFileIndexData.markDirty.ms,1776231986115000000,1776232038701000000,0
workspaceModel.cachedValueWithParameters.calculated.count,1776231986115000000,1776232038701000000,0
workspaceModel.cachedValue.calculated.count,1776231986115000000,1776232038701000000,20
workspaceModel.to.snapshot.ms,1776231986115000000,1776232038701000000,1
workspaceModel.initializing.ms,1776231986115000000,1776232038701000000,1
workspaceModel.updates.ms,1776231986115000000,1776232038701000000,122
workspaceModel.workspaceFileIndexData.instances.count,1776231986115000000,1776232038701000000,1
workspaceModel.update.unloaded.entities.ms,1776231986115000000,1776232038701000000,0
workspaceModel.loading.from.cache.ms,1776231986115000000,1776232038701000000,27
workspaceModel.loading.total.ms,1776231986115000000,1776232038701000000,31
workspaceModel.cachedValueWithParameters.from.cache.count,1776231986115000000,1776232038701000000,0
workspaceModel.cachedValueWithParameters.clear.count,1776231986115000000,1776232038701000000,0
workspaceModel.pre.handlers.ms,1776231986115000000,1776232038701000000,1
workspaceModel.workspaceFileIndexData.getDirectoriesByPackageName.ms,1776231986115000000,1776232038701000000,0
workspaceModel.workspaceFileIndexData.processFileSets.ms,1776231986115000000,1776232038701000000,0
workspaceModel.collect.changes.ms,1776231986115000000,1776232038701000000,0
workspaceModel.mutableEntityStorage.instances.count,1776231986115000000,1776232038701000000,46
jps.modifiable.module.model.bridge.load.module.ms,1776231986115000000,1776232038701000000,0
workspaceModel.sync.entities.ms,1776231986115000000,1776232038701000000,0
workspaceModel.global.apply.state.to.project.builder.ms,1776231986115000000,1776232038701000000,2
jps.modifiable.module.model.bridge.new.module.ms,1776231986115000000,1776232038701000000,21
jps.reload.project.entities.ms,1776231986115000000,1776232038701000000,0
jps.facet.change.listener.process.change.events.ms,1776231986115000000,1776232038701000000,0
jps.global.get.library.by.name.ms,1776231986115000000,1776232038701000000,0
workspaceModel.mutableEntityStorage.changeLog.addReplaceEventForNewChild.ms,1776231986115000000,1776232038701000000,1
jps.load.project.to.empty.storage.ms,1776231986115000000,1776232038701000000,30
workspaceModel.load.cache.metadata.from.file.ms,1776231986115000000,1776232038701000000,0
workspaceModel.global.updates.ms,1776231986115000000,1776232038701000000,0
workspaceModel.moduleBridgeLoader.loading.modules.ms,1776231986115000000,1776232038701000000,40
jps.global.get.libraries.ms,1776231986115000000,1776232038701000000,0
jps.global.handle.before.change.events.ms,1776231986115000000,1776232038701000000,0
jps.facet.change.listener.before.change.events.ms,1776231986115000000,1776232038701000000,0
workspaceModel.moduleManagerBridge.set.unloadedModules.ms,1776231986115000000,1776232038701000000,0
workspaceModel.save.cache.to.file.ms,1776231986115000000,1776232038701000000,169
workspaceModel.mutableEntityStorage.changeLog.addReplaceEventForRemovedParent.ms,1776231986115000000,1776232038701000000,0
workspaceModel.moduleManagerBridge.build.module.graph.ms,1776231986115000000,1776232038701000000,0
workspaceModel.load.cache.from.file.ms,1776231986115000000,1776232038701000000,0
workspaceModel.mutableEntityStorage.apply.changes.from.ms,1776231986115000000,1776232038701000000,4
workspaceModel.do.save.caches.ms,1776231986115000000,1776232038701000000,184
jps.library.entities.serializer.save.entities.ms,1776231986115000000,1776232038701000000,0
workspaceModel.moduleBridge.before.changed.ms,1776231986115000000,1776232038701000000,0
workspaceModel.mutableEntityStorage.changeLog.addReplaceEventForRemovedChild.ms,1776231986115000000,1776232038701000000,0
workspaceModel.moduleManagerBridge.create.module.instance.ms,1776231986115000000,1776232038701000000,3
workspaceModel.moduleBridge.update.option.ms,1776231986115000000,1776232038701000000,0
jps.global.handle.changed.events.ms,1776231986115000000,1776232038701000000,0
jps.app.storage.content.reader.load.component.ms,1776231986115000000,1776232038701000000,0
workspaceModel.mutableEntityStorage.modify.entity.ms,1776231986115000000,1776232038701000000,8
jps.global.initialize.library.bridges.ms,1776231986115000000,1776232038701000000,0
workspaceModel.global.updates.count,1776231986115000000,1776232038701000000,0
workspaceModel.mutableEntityStorage.collect.changes.ms,1776231986115000000,1776232038701000000,1
jps.project.serializers.save.ms,1776231986115000000,1776232038701000000,9
jps.storage.jps.conf.reader.load.component.ms,1776231986115000000,1776232038701000000,2
workspaceModel.mutableEntityStorage.changeLog.addReplaceEventForNewParent.ms,1776231986115000000,1776232038701000000,1
workspaceModel.moduleBridge.facet.initialization.ms,1776231986115000000,1776232038701000000,0
jps.modifiable.module.model.bridge.disposing.ms,1776231986115000000,1776232038701000000,0
jps.save.changed.project.entities.ms,1776231986115000000,1776232038701000000,9
jps.save.global.entities.ms,1776231986115000000,1776232038701000000,4
jps.artifact.entities.serializer.save.entities.ms,1776231986115000000,1776232038701000000,0
workspaceModel.mutableEntityStorage.put.entity.ms,1776231986115000000,1776232038701000000,13
jps.global.get.library.ms,1776231986115000000,1776232038701000000,0
workspaceModel.mutableEntityStorage.add.entity.ms,1776231986115000000,1776232038701000000,18
workspaceModel.moduleManagerBridge.get.modules.ms,1776231986115000000,1776232038701000000,1
workspaceModel.global.apply.state.to.project.ms,1776231986115000000,1776232038701000000,0
workspaceModel.orphan.listener.update.ms,1776231986115000000,1776232038701000000,3
workspaceModel.mutableEntityStorage.remove.entity.ms,1776231986115000000,1776232038701000000,0
workspaceModel.delayed.project.synchronizer.sync.ms,1776231986115000000,1776232038701000000,0
jps.module.dependency.index.workspace.model.listener.on.changed.ms,1776231986115000000,1776232038701000000,0
jps.apply.loaded.storage.ms,1776231986115000000,1776232038701000000,30
workspaceModel.mutableEntityStorage.entities.by.source.ms,1776231986115000000,1776232038701000000,0
jps.library.entities.serializer.load.entities.ms,1776231986115000000,1776232038701000000,0
jps.global.initialize.library.bridges.after.loading.ms,1776231986115000000,1776232038701000000,5
jps.project.serializers.load.ms,1776231986115000000,1776232038701000000,6
jps.artifact.entities.serializer.load.entities.ms,1776231986115000000,1776232038701000000,0
workspaceModel.mutableEntityStorage.mutable.vfurl.index.ms,1776231986115000000,1776232038701000000,0
jps.facet.change.listener.init.bridge.ms,1776231986115000000,1776232038701000000,1
workspaceModel.moduleManagerBridge.new.nonPersistent.module.ms,1776231986115000000,1776232038701000000,0
workspaceModel.mutableEntityStorage.referrers.ms,1776231986115000000,1776232038701000000,0
workspaceModel.mutableEntityStorage.resolve.ms,1776231986115000000,1776232038701000000,0
jps.module.iml.entities.serializer.save.entities.ms,1776231986115000000,1776232038701000000,3
workspaceModel.moduleManagerBridge.load.module.ms,1776231986115000000,1776232038701000000,0
workspaceModel.mutableEntityStorage.has.same.entities.ms,1776231986115000000,1776232038701000000,0
jps.modifiable.module.model.bridge.renaming.ms,1776231986115000000,1776232038701000000,0
workspaceModel.mutableEntityStorage.hasReferrers.ms,1776231986115000000,1776232038701000000,0
workspaceModel.moduleManagerBridge.load.all.modules.ms,1776231986115000000,1776232038701000000,3
workspaceModel.moduleManagerBridge.newModule.ms,1776231986115000000,1776232038701000000,48
workspaceModel.mutableEntityStorage.mutable.ext.mapping.ms,1776231986115000000,1776232038701000000,1
jps.app.storage.content.writer.save.component.ms,1776231986115000000,1776232038701000000,2
workspaceModel.mutableEntityStorage.entities.ms,1776231986115000000,1776232038701000000,5
workspaceModel.mutableEntityStorage.replace.by.source.ms,1776231986115000000,1776232038701000000,4
jps.load.initial.state.ms,1776231986115000000,1776232038701000000,20
workspaceModel.mutableEntityStorage.to.snapshot.ms,1776231986115000000,1776232038701000000,4
jps.module.iml.entities.serializer.load.entities.ms,1776231986115000000,1776232038701000000,0
cacheStateStorage.get.counter,1776231986115000000,1776232038701000000,25
cacheStateStorage.set.counter,1776231986115000000,1776232038701000000,9
cacheStateStorage.get.duration,1776231986115000000,1776232038701000000,14
cacheStateStorage.set.duration,1776231986115000000,1776232038701000000,19
Indexing.writer_3.totalTimeSpentWritingMs,1776231986115000000,1776232038701000000,1071
Indexing.writer_1.totalTimeSpentWritingMs,1776231986115000000,1776232038701000000,1380
Indexes.allKeys.lookups,1776231986115000000,1776232038701000000,2
Indexing.writesQueuedMin,1776231986115000000,1776232038701000000,9223372036854775807
Indexes.allKeys.lookupDurationMaxMs,1776231986115000000,1776232038701000000,0.0
Indexes.allKeys.lookupDuration90PMs,1776231986115000000,1776232038701000000,0.0
Indexes.stubs.lookupDuration90PMs,1776231986115000000,1776232038701000000,0.0
Indexes.entries.lookupDurationAvgMs,1776231986115000000,1776232038701000000,0.0
Indexing.totalTimeIndexersSleptMs,1776231986115000000,1776232038701000000,1278
Indexing.writesQueuedMax,1776231986115000000,1776232038701000000,0
Indexes.entries.lookups,1776231986115000000,1776232038701000000,13
Indexing.cache.totalCacheAccesses,1776231986115000000,1776232038701000000,1001935
Indexing.writer_0.totalTimeSpentWritingMs,1776231986115000000,1776232038701000000,1302
Indexes.entries.lookupDuration90PMs,1776231986115000000,1776232038701000000,0.0
Indexes.entries.lookupDurationMaxMs,1776231986115000000,1776232038701000000,0.0
Indexing.cache.totalCacheEvicted,1776231986115000000,1776232038701000000,218985
Indexing.writer_2.totalTimeSpentWritingMs,1776231986115000000,1776232038701000000,654
Indexes.stubs.lookupDurationMaxMs,1776231986115000000,1776232038701000000,0.0
Indexes.stubs.lookupDurationAvgMs,1776231986115000000,1776232038701000000,0.0
Indexes.stubs.lookups,1776231986115000000,1776232038701000000,0
Indexing.cache.totalCacheMisses,1776231986115000000,1776232038701000000,218985
Indexes.allKeys.lookupDurationAvgMs,1776231986115000000,1776232038701000000,0.0
